work_id,res_name,status,res_url,created_at,updated_at
1,Sunset Grill,new,https://sunset-grill.example.com,2025-07-11 04:59:16,2025-07-11 04:59:16
2,Ocean Breeze,new,https://ocean-breeze.example.com,2025-07-11 04:59:16,2025-07-11 04:59:16
3,Mountain View Diner,new,https://mountain-view-diner.example.com,2025-07-11 04:59:16,2025-07-11 04:59:16
4,Urban Bites,new,https://urban-bites.example.com,2025-07-11 04:59:16,2025-07-11 04:59:16
5,Garden Delight,new,https://garden-delight.example.com,2025-07-11 04:59:16,2025-07-11 04:59:16
6,Rustic Table,new,https://rustic-table.example.com,2025-07-11 04:59:16,2025-07-11 04:59:16
7,Spice Route,new,https://spice-route.example.com,2025-07-11 04:59:16,2025-07-11 04:59:16
8,Golden Dragon,new,https://golden-dragon.example.com,2025-07-11 04:59:16,2025-07-11 04:59:16
9,Bella Italia,new,https://bella-italia.example.com,2025-07-11 04:59:16,2025-07-11 04:59:16
10,Café Aurora,new,https://café-aurora.example.com,2025-07-11 04:59:16,2025-07-11 04:59:16
